symbol,strategy,config,n,win,pf,netR,maxDD,w1,w2,w3,all_pos,pass
ETH,RSI EMA rsi55/45,SL1.5/TP1.5 24/7 hold12,446,48.87892376681614,0.8202394471531952,-42.33141266596509,25.023419606941815,151t -20.6R,137t -3.4R,158t -18.3R,False,False
ETH,RSI EMA rsi55/45,SL1.5/TP1.5 24/7 hold24,446,49.10313901345292,0.8106043592548121,-46.79827800763981,26.309511251975128,151t -19.4R,137t -6.8R,158t -20.7R,False,False
ETH,RSI EMA rsi55/45,SL1.5/TP1.5 24/7 hold48,446,49.327354260089685,0.8144598293791739,-46.335092310149214,25.92107819937068,151t -19.2R,137t -6.2R,158t -20.9R,False,False
ETH,RSI EMA rsi55/45,SL1.5/TP1.5 12-18 hold12,191,50.261780104712045,0.9145884315131346,-9.740625379875757,15.249494583276213,72t -12.3R,53t -2.0R,66t +4.6R,False,False
ETH,RSI EMA rsi55/45,SL1.5/TP1.5 12-18 hold24,191,50.78534031413613,0.8892405167049717,-13.411332807997887,17.182981595081994,72t -13.6R,53t -4.4R,66t +4.6R,False,False
ETH,RSI EMA rsi55/45,SL1.5/TP1.5 12-18 hold48,191,50.78534031413613,0.9016282124317321,-12.457597910672991,16.68741569836216,72t -14.2R,53t -3.2R,66t +5.0R,False,False
ETH,RSI EMA rsi55/45,SL1.5/TP1.5 07-21 hold12,317,49.21135646687697,0.8224151134467288,-29.568055173687142,19.55494551564677,114t -16.0R,95t -2.8R,108t -10.7R,False,False
ETH,RSI EMA rsi55/45,SL1.5/TP1.5 07-21 hold24,317,49.526813880126184,0.8182349732821068,-31.8663247171391,20.511252478879616,114t -16.9R,95t -4.6R,108t -10.3R,False,False
ETH,RSI EMA rsi55/45,SL1.5/TP1.5 07-21 hold48,317,49.21135646687697,0.8133083963512984,-33.10474228402303,20.015686582159777,114t -17.5R,95t -5.1R,108t -10.5R,False,False
ETH,RSI EMA rsi55/45,SL1.5/TP1.5 00-08 hold12,112,50.892857142857146,0.8975867337540863,-8.098688505139723,10.537527833767586,33t -7.3R,36t +3.4R,43t -4.2R,False,False
ETH,RSI EMA rsi55/45,SL1.5/TP1.5 00-08 hold24,112,50.892857142857146,0.8795140831614768,-8.184960609315267,10.423656839886757,33t -6.8R,36t +1.5R,43t -2.9R,False,False
ETH,RSI EMA rsi55/45,SL1.5/TP1.5 00-08 hold48,112,50.892857142857146,0.873212687734355,-8.85371871631762,10.423656839886757,33t -7.5R,36t +1.5R,43t -2.9R,False,False
ETH,RSI EMA rsi55/45,SL1.5/TP1.5 13-21 hold12,203,48.76847290640394,0.8657060960231141,-14.589454485456557,12.100686689304325,78t -5.6R,53t -9.3R,72t +0.3R,False,False
ETH,RSI EMA rsi55/45,SL1.5/TP1.5 13-21 hold24,203,49.75369458128079,0.8464122083911714,-18.205765122884905,15.240735450402275,78t -5.7R,53t -12.4R,72t -0.1R,False,False
ETH,RSI EMA rsi55/45,SL1.5/TP1.5 13-21 hold48,203,49.75369458128079,0.8546412452809403,-17.25203022556001,14.127960720456228,78t -6.3R,53t -11.3R,72t +0.3R,False,False
ETH,RSI EMA rsi55/45,SL1.5/TP3.0 24/7 hold12,395,37.9746835443038,0.8525593293083223,-35.03733587091283,32.35658793971733,129t -11.2R,128t -21.0R,138t -2.8R,False,False
ETH,RSI EMA rsi55/45,SL1.5/TP3.0 24/7 hold24,394,34.77157360406091,0.8296057291965223,-46.736579143237066,34.92869244287569,128t -10.3R,128t -25.0R,138t -11.4R,False,False
ETH,RSI EMA rsi55/45,SL1.5/TP3.0 24/7 hold48,393,32.56997455470738,0.8309057287663965,-49.31729820361484,32.935647089498595,127t -5.0R,128t -23.0R,138t -21.2R,False,False
ETH,RSI EMA rsi55/45,SL1.5/TP3.0 12-18 hold12,165,38.78787878787879,0.9741093209280297,-3.9149769961990515,16.02708105794537,60t -4.0R,51t -7.7R,54t +7.7R,False,False
ETH,RSI EMA rsi55/45,SL1.5/TP3.0 12-18 hold24,164,39.02439024390244,0.9954471270141065,-3.078009301677569,19.805941355399305,59t -2.3R,51t -11.5R,54t +10.7R,False,False
ETH,RSI EMA rsi55/45,SL1.5/TP3.0 12-18 hold48,164,35.97560975609756,1.008603733900788,-0.5296065891697115,18.55226627880848,59t -0.0R,51t -9.5R,54t +8.9R,False,False
ETH,RSI EMA rsi55/45,SL1.5/TP3.0 07-21 hold12,279,39.42652329749104,0.9488650099417673,-8.950260388445633,23.42688643365618,98t -3.0R,90t -12.1R,91t +6.1R,False,False
ETH,RSI EMA rsi55/45,SL1.5/TP3.0 07-21 hold24,278,36.330935251798564,0.9011562541743213,-18.924477617633123,27.093228643476404,97t -6.9R,90t -13.6R,91t +1.6R,False,False
ETH,RSI EMA rsi55/45,SL1.5/TP3.0 07-21 hold48,277,33.57400722021661,0.8841092973612578,-23.342499059875323,27.725397948591336,96t -5.2R,90t -15.1R,91t -3.0R,False,False
ETH,RSI EMA rsi55/45,SL1.5/TP3.0 00-08 hold12,101,36.633663366336634,0.6609924320208048,-21.29124163868225,12.469006392778304,27t -9.6R,32t -9.7R,42t -2.0R,False,False
ETH,RSI EMA rsi55/45,SL1.5/TP3.0 00-08 hold24,101,35.64356435643565,0.8031790205203012,-15.215240005249413,14.401732072408285,27t -3.2R,32t -12.5R,42t +0.4R,False,False
ETH,RSI EMA rsi55/45,SL1.5/TP3.0 00-08 hold48,101,30.693069306930692,0.7534033841593946,-19.166314097386923,15.399597327532456,27t -2.9R,32t -12.4R,42t -3.9R,False,False
ETH,RSI EMA rsi55/45,SL1.5/TP3.0 13-21 hold12,174,35.05747126436781,0.8944393012984158,-14.592134280864396,24.64593565891669,65t +1.8R,51t -18.8R,58t +2.5R,False,False
ETH,RSI EMA rsi55/45,SL1.5/TP3.0 13-21 hold24,173,35.83815028901734,0.8917543868364382,-16.483144596444326,27.18212308901952,64t +1.6R,51t -21.4R,58t +3.2R,False,False
ETH,RSI EMA rsi55/45,SL1.5/TP3.0 13-21 hold48,173,34.104046242774565,0.9304621501094702,-11.884074678291585,25.732772572702384,64t +5.8R,51t -19.2R,58t +1.5R,False,False
ETH,RSI EMA rsi55/45,SL1.0/TP2.0 24/7 hold12,460,34.130434782608695,0.8002583381398908,-67.69434730717663,38.82057129140436,159t -29.2R,146t -32.4R,155t -6.1R,False,False
ETH,RSI EMA rsi55/45,SL1.0/TP2.0 24/7 hold24,459,33.333333333333336,0.8108795772639108,-66.15564268881938,40.16851099503418,159t -29.4R,145t -30.4R,155t -6.4R,False,False
ETH,RSI EMA rsi55/45,SL1.0/TP2.0 24/7 hold48,459,33.11546840958606,0.804996901592001,-68.71533223180182,41.17187815748789,159t -27.2R,145t -33.7R,155t -7.7R,False,False
ETH,RSI EMA rsi55/45,SL1.0/TP2.0 12-18 hold12,196,34.183673469387756,0.8272012432044379,-25.301967935032835,21.474974812395825,76t -18.9R,56t -8.0R,64t +1.6R,False,False
ETH,RSI EMA rsi55/45,SL1.0/TP2.0 12-18 hold24,195,33.84615384615385,0.8522206907739295,-22.685500885949224,23.827125957570804,76t -21.2R,55t -3.8R,64t +2.4R,False,False
ETH,RSI EMA rsi55/45,SL1.0/TP2.0 12-18 hold48,195,33.84615384615385,0.8630696865822153,-21.189590367043667,22.917531682590546,76t -20.0R,55t -4.7R,64t +3.5R,False,False
ETH,RSI EMA rsi55/45,SL1.0/TP2.0 07-21 hold12,324,34.25925925925926,0.8274051694996167,-41.39653936751802,29.2926251750249,122t -24.8R,99t -18.1R,103t +1.4R,False,False
ETH,RSI EMA rsi55/45,SL1.0/TP2.0 07-21 hold24,323,34.05572755417957,0.8486398858580919,-37.83179733487278,30.26890047280158,122t -27.7R,98t -14.2R,103t +4.0R,False,False
ETH,RSI EMA rsi55/45,SL1.0/TP2.0 07-21 hold48,323,33.746130030959755,0.8444327354737589,-39.26295091556452,30.186525615571835,122t -26.4R,98t -17.5R,103t +4.7R,False,False
ETH,RSI EMA rsi55/45,SL1.0/TP2.0 00-08 hold12,117,35.042735042735046,0.7773185929958661,-19.751326135292587,16.03819092796109,34t -10.6R,38t -8.0R,45t -1.1R,False,False
ETH,RSI EMA rsi55/45,SL1.0/TP2.0 00-08 hold24,117,34.18803418803419,0.8159267900700569,-17.08422938365752,15.521844401760395,34t -8.0R,38t -9.4R,45t +0.3R,False,False
ETH,RSI EMA rsi55/45,SL1.0/TP2.0 00-08 hold48,117,32.47863247863248,0.7694727745347013,-21.58525066864245,17.691911888024844,34t -8.0R,38t -11.9R,45t -1.7R,False,False
ETH,RSI EMA rsi55/45,SL1.0/TP2.0 13-21 hold12,204,34.31372549019608,0.8610611024024379,-22.138286763797208,26.80454062106122,81t -9.1R,57t -18.3R,66t +5.3R,False,False
ETH,RSI EMA rsi55/45,SL1.0/TP2.0 13-21 hold24,203,33.99014778325123,0.8638386388995916,-22.364525747082,26.35931748609361,81t -11.3R,56t -17.1R,66t +6.1R,False,False
ETH,RSI EMA rsi55/45,SL1.0/TP2.0 13-21 hold48,203,33.99014778325123,0.8770047457573569,-20.86861522817644,27.18940539117454,81t -10.1R,56t -18.0R,66t +7.1R,False,False
ETH,RSI EMA rsi55/45,SL2.0/TP2.0 24/7 hold12,401,48.12967581047381,0.8574302701265363,-26.12834506674482,17.917756417854804,138t -7.7R,125t -13.2R,138t -5.3R,False,False
ETH,RSI EMA rsi55/45,SL2.0/TP2.0 24/7 hold24,399,49.62406015037594,0.887052563411427,-23.435915893642797,22.62352327179785,137t -3.3R,124t -16.4R,138t -3.8R,False,False
ETH,RSI EMA rsi55/45,SL2.0/TP2.0 24/7 hold48,399,49.62406015037594,0.8728887911865456,-28.046616520672117,26.907729038262218,137t -1.9R,124t -19.7R,138t -6.5R,False,False
ETH,RSI EMA rsi55/45,SL2.0/TP2.0 12-18 hold12,165,50.90909090909091,0.9960103742965554,-1.3410166740048322,8.824847898163341,63t -2.1R,49t -4.9R,53t +5.6R,False,False
ETH,RSI EMA rsi55/45,SL2.0/TP2.0 12-18 hold24,163,52.760736196319016,1.0164390510460681,0.09847105816433954,10.565202352994342,62t -1.1R,48t -4.9R,53t +6.0R,False,False
ETH,RSI EMA rsi55/45,SL2.0/TP2.0 12-18 hold48,163,52.760736196319016,1.0196245301052127,-0.034314697166653585,12.449511503533847,62t -0.4R,48t -6.1R,53t +6.5R,False,False
ETH,RSI EMA rsi55/45,SL2.0/TP2.0 07-21 hold12,279,50.89605734767025,0.9556033915832323,-5.603713738580951,11.120589245146485,103t -3.8R,85t -5.0R,91t +3.2R,False,False
ETH,RSI EMA rsi55/45,SL2.0/TP2.0 07-21 hold24,277,52.34657039711191,0.9940849918883172,-1.721333410250645,15.782587579263975,102t -1.8R,84t -6.5R,91t +6.6R,False,False
ETH,RSI EMA rsi55/45,SL2.0/TP2.0 07-21 hold48,277,51.985559566787,0.9735090552915272,-5.09249713508102,19.765734209298568,102t -1.3R,84t -9.7R,91t +5.9R,False,False
ETH,RSI EMA rsi55/45,SL2.0/TP2.0 00-08 hold12,107,46.728971962616825,0.7534979172993316,-12.537535431873046,9.768246707869997,31t -4.4R,33t -4.4R,43t -3.7R,False,False
ETH,RSI EMA rsi55/45,SL2.0/TP2.0 00-08 hold24,107,47.66355140186916,0.7891510998158566,-12.705553634980532,10.690532575313638,31t -2.4R,33t -7.6R,43t -2.7R,False,False
ETH,RSI EMA rsi55/45,SL2.0/TP2.0 00-08 hold48,107,45.794392523364486,0.7417705463521413,-16.35286579981142,12.275416318445865,31t -2.5R,33t -9.6R,43t -4.2R,False,False
ETH,RSI EMA rsi55/45,SL2.0/TP2.0 13-21 hold12,173,50.28901734104046,1.0161098871820573,-0.982428948471445,12.577040094469693,68t +2.8R,48t -9.1R,57t +5.3R,False,False
ETH,RSI EMA rsi55/45,SL2.0/TP2.0 13-21 hold24,171,52.046783625730995,1.0218299513652072,-1.735720695634261,16.372675604936372,67t +4.4R,47t -11.8R,57t +5.7R,False,False
ETH,RSI EMA rsi55/45,SL2.0/TP2.0 13-21 hold48,171,52.046783625730995,1.0196710037377283,-2.3337815084860436,18.182853297757806,67t +4.5R,47t -13.0R,57t +6.2R,False,False
ETH,RSI EMA rsi55/45,SL1.0/TP1.0 24/7 hold12,505,46.93069306930693,0.6753094397343875,-98.66116816392123,43.65867605402366,172t -43.7R,156t -26.2R,177t -28.7R,False,False
ETH,RSI EMA rsi55/45,SL1.0/TP1.0 24/7 hold24,505,46.53465346534654,0.6680948558785136,-102.0722397434018,43.65867605402366,172t -43.7R,156t -28.2R,177t -30.2R,False,False
ETH,RSI EMA rsi55/45,SL1.0/TP1.0 24/7 hold48,505,46.73267326732673,0.6717736835001996,-100.90292764848272,43.65867605402366,172t -43.7R,156t -27.0R,177t -30.2R,False,False
ETH,RSI EMA rsi55/45,SL1.0/TP1.0 12-18 hold12,216,46.75925925925926,0.7063376403686845,-38.921850106746,24.25472200352361,83t -24.6R,59t -5.1R,74t -9.3R,False,False
ETH,RSI EMA rsi55/45,SL1.0/TP1.0 12-18 hold24,216,46.75925925925926,0.702478063755809,-39.51512878875185,24.25472200352361,83t -24.6R,59t -5.2R,74t -9.8R,False,False
ETH,RSI EMA rsi55/45,SL1.0/TP1.0 12-18 hold48,216,47.22222222222222,0.7123176745051398,-38.345816693832774,24.25472200352361,83t -24.6R,59t -4.0R,74t -9.8R,False,False
ETH,RSI EMA rsi55/45,SL1.0/TP1.0 07-21 hold12,360,45.833333333333336,0.6523991290163679,-76.36229071358113,34.147365692480065,133t -34.4R,108t -22.1R,119t -19.8R,False,False
ETH,RSI EMA rsi55/45,SL1.0/TP1.0 07-21 hold24,360,45.833333333333336,0.6530056863565115,-76.77668651601839,34.147365692480065,133t -34.4R,108t -22.8R,119t -19.5R,False,False
ETH,RSI EMA rsi55/45,SL1.0/TP1.0 07-21 hold48,360,46.111111111111114,0.6579914971824488,-75.60737442109931,34.147365692480065,133t -34.4R,108t -21.6R,119t -19.5R,False,False
ETH,RSI EMA rsi55/45,SL1.0/TP1.0 00-08 hold12,121,50.41322314049587,0.7894196065248995,-17.139316877183806,12.94909093391754,36t -14.1R,38t -0.7R,47t -2.3R,False,False
ETH,RSI EMA rsi55/45,SL1.0/TP1.0 00-08 hold24,121,49.586776859504134,0.7715895779294655,-18.358887135352358,12.94909093391754,36t -14.1R,38t -1.9R,47t -2.3R,False,False
ETH,RSI EMA rsi55/45,SL1.0/TP1.0 00-08 hold48,121,49.586776859504134,0.7715895779294655,-18.358887135352358,12.94909093391754,36t -14.1R,38t -1.9R,47t -2.3R,False,False
ETH,RSI EMA rsi55/45,SL1.0/TP1.0 13-21 hold12,230,45.65217391304348,0.6671236806136785,-46.24366475246155,19.446820716938284,90t -19.7R,60t -12.3R,80t -14.2R,False,False
ETH,RSI EMA rsi55/45,SL1.0/TP1.0 13-21 hold24,230,45.65217391304348,0.6641259830435536,-46.83694343446739,19.446820716938284,90t -19.7R,60t -12.4R,80t -14.7R,False,False
ETH,RSI EMA rsi55/45,SL1.0/TP1.0 13-21 hold48,230,46.08695652173913,0.6720391815919885,-45.667631339548315,19.446820716938284,90t -19.7R,60t -11.3R,80t -14.7R,False,False
ETH,RSI EMA rsi55/45,SL2.0/TP4.0 24/7 hold12,358,39.944134078212294,0.809805003299573,-35.444338327179395,28.07905616995785,118t -6.0R,117t -23.2R,123t -6.3R,False,False
ETH,RSI EMA rsi55/45,SL2.0/TP4.0 24/7 hold24,350,36.57142857142857,0.870126395532211,-28.635667501205276,27.752629037666125,115t -3.0R,116t -20.8R,119t -4.8R,False,False
ETH,RSI EMA rsi55/45,SL2.0/TP4.0 24/7 hold48,345,35.362318840579704,0.9332416427398598,-17.22564651766659,28.486773287285956,114t +9.1R,112t -16.1R,119t -10.2R,False,False
ETH,RSI EMA rsi55/45,SL2.0/TP4.0 12-18 hold12,151,37.74834437086093,0.8318611118344381,-15.19874903174315,19.58659804920016,55t -2.2R,47t -14.9R,49t +2.0R,False,False
ETH,RSI EMA rsi55/45,SL2.0/TP4.0 12-18 hold24,145,39.310344827586206,0.9190616596404978,-9.59771647669481,21.195950483300468,53t +0.9R,47t -15.3R,45t +4.8R,False,False
ETH,RSI EMA rsi55/45,SL2.0/TP4.0 12-18 hold48,145,35.172413793103445,0.9466777741860781,-6.947791110667474,20.519687124622024,53t +2.6R,47t -13.8R,45t +4.3R,False,False
ETH,RSI EMA rsi55/45,SL2.0/TP4.0 07-21 hold12,249,41.76706827309237,0.9017234048009996,-13.473277457277385,21.69793249263214,87t +0.5R,82t -16.8R,80t +2.8R,False,False
ETH,RSI EMA rsi55/45,SL2.0/TP4.0 07-21 hold24,241,38.17427385892116,0.9250689205852614,-11.336672680918888,22.310403375121652,84t -2.1R,81t -12.6R,76t +3.4R,False,False
ETH,RSI EMA rsi55/45,SL2.0/TP4.0 07-21 hold48,237,36.28691983122363,0.9832622479537014,-3.31253082187071,21.600879528369408,84t +5.4R,77t -10.1R,76t +1.4R,False,False
ETH,RSI EMA rsi55/45,SL2.0/TP4.0 00-08 hold12,96,41.666666666666664,0.6750713604191277,-15.946714298936598,12.288824326042995,27t -6.5R,30t -6.2R,39t -3.3R,False,False
ETH,RSI EMA rsi55/45,SL2.0/TP4.0 00-08 hold24,96,37.5,0.897351331291706,-6.872080106323278,13.194500300027197,27t -0.7R,30t -8.0R,39t +1.9R,False,False
ETH,RSI EMA rsi55/45,SL2.0/TP4.0 00-08 hold48,96,35.416666666666664,0.8795907067031953,-8.748108322939817,14.827284262009215,27t -0.3R,30t -9.7R,39t +1.2R,False,False
ETH,RSI EMA rsi55/45,SL2.0/TP4.0 13-21 hold12,158,35.44303797468354,0.8189666433648325,-18.522490493454757,21.008946138686802,59t +1.8R,47t -18.0R,52t -2.3R,False,False
ETH,RSI EMA rsi55/45,SL2.0/TP4.0 13-21 hold24,151,35.09933774834437,0.8100448809237007,-22.37277563317162,24.72965337568428,56t +4.2R,47t -20.8R,48t -5.7R,False,False
ETH,RSI EMA rsi55/45,SL2.0/TP4.0 13-21 hold48,151,32.450331125827816,0.8675888084277332,-17.902638470506417,24.172625911306078,56t +8.7R,47t -19.4R,48t -7.1R,False,False
ETH,RSI EMA rsi50/50,SL1.5/TP1.5 24/7 hold12,499,49.098196392785574,0.822460424025768,-46.42427380841133,30.047781487329253,166t -19.0R,156t -5.6R,177t -21.9R,False,False
ETH,RSI EMA rsi50/50,SL1.5/TP1.5 24/7 hold24,499,49.498997995991985,0.8212322748272322,-49.12865032079268,30.47863721085973,166t -17.6R,156t -7.7R,177t -23.9R,False,False
ETH,RSI EMA rsi50/50,SL1.5/TP1.5 24/7 hold48,499,49.699398797595194,0.8249166217213029,-48.62583103526997,30.090204158255283,166t -17.6R,156t -6.9R,177t -24.1R,False,False
ETH,RSI EMA rsi50/50,SL1.5/TP1.5 12-18 hold12,217,49.76958525345622,0.8757596562472756,-14.539438188057042,17.857970885486882,82t -13.5R,60t -1.7R,75t +0.6R,False,False
ETH,RSI EMA rsi50/50,SL1.5/TP1.5 12-18 hold24,217,50.691244239631345,0.8693663770816501,-16.386107102719944,18.20646463926372,82t -14.6R,60t -2.4R,75t +0.6R,False,False
ETH,RSI EMA rsi50/50,SL1.5/TP1.5 12-18 hold48,217,50.691244239631345,0.884356608700195,-15.033101707768443,17.870339302901552,82t -15.4R,60t -0.7R,75t +1.0R,False,False
ETH,RSI EMA rsi50/50,SL1.5/TP1.5 07-21 hold12,350,49.142857142857146,0.8178507070886966,-33.47437210888737,19.851257894534015,124t -15.2R,105t -4.0R,121t -14.3R,False,False
ETH,RSI EMA rsi50/50,SL1.5/TP1.5 07-21 hold24,350,49.714285714285715,0.8199877205180538,-34.880861018191595,20.53956906381502,124t -16.0R,105t -4.1R,121t -14.8R,False,False
ETH,RSI EMA rsi50/50,SL1.5/TP1.5 07-21 hold48,350,49.42857142857143,0.8176947340955011,-35.72000808744893,20.53956906381502,124t -16.7R,105t -4.0R,121t -15.0R,False,False
ETH,RSI EMA rsi50/50,SL1.5/TP1.5 00-08 hold12,126,51.58730158730159,0.8886572125819272,-7.919241861728847,11.844737852733221,36t -4.5R,42t +1.5R,48t -4.9R,False,False
ETH,RSI EMA rsi50/50,SL1.5/TP1.5 00-08 hold24,126,51.58730158730159,0.8945228556771466,-7.134805770758751,10.337907636690476,36t -3.9R,42t -0.8R,48t -2.4R,False,False
ETH,RSI EMA rsi50/50,SL1.5/TP1.5 00-08 hold48,126,51.58730158730159,0.881713103880585,-8.163200787355581,10.337907636690476,36t -4.6R,42t -1.2R,48t -2.4R,False,False
ETH,RSI EMA rsi50/50,SL1.5/TP1.5 13-21 hold12,227,48.458149779735685,0.8501328040679631,-17.905647834671818,12.68143156458345,87t -5.4R,59t -9.9R,81t -2.6R,False,False
ETH,RSI EMA rsi50/50,SL1.5/TP1.5 13-21 hold24,227,49.779735682819386,0.8365326572219254,-20.630177837952445,14.171581311554283,87t -5.3R,59t -11.4R,81t -4.0R,False,False
ETH,RSI EMA rsi50/50,SL1.5/TP1.5 13-21 hold48,227,49.779735682819386,0.8468106569475792,-19.27717244300094,12.500095523623967,87t -6.0R,59t -9.7R,81t -3.6R,False,False
ETH,RSI EMA rsi50/50,SL1.5/TP3.0 24/7 hold12,442,39.59276018099548,0.9102281549811769,-23.52465607346595,26.64454788805422,141t -3.6R,146t -15.4R,155t -4.5R,False,False
ETH,RSI EMA rsi50/50,SL1.5/TP3.0 24/7 hold24,441,35.82766439909297,0.8846874184520742,-35.43774953089209,31.038922000859174,140t +0.4R,146t -20.4R,155t -15.4R,False,False
ETH,RSI EMA rsi50/50,SL1.5/TP3.0 24/7 hold48,440,33.86363636363637,0.8769357610112032,-40.47988348178404,36.31187017126525,139t +2.6R,146t -17.8R,155t -25.2R,False,False
ETH,RSI EMA rsi50/50,SL1.5/TP3.0 12-18 hold12,188,40.95744680851063,1.0338333991283963,3.308612435426566,14.487756732090332,69t +2.1R,57t -3.7R,62t +4.9R,False,False
ETH,RSI EMA rsi50/50,SL1.5/TP3.0 12-18 hold24,187,40.106951871657756,1.0432473466558394,4.0479838073416765,17.266706855504054,68t +4.3R,57t -8.1R,62t +7.8R,False,False
ETH,RSI EMA rsi50/50,SL1.5/TP3.0 12-18 hold48,187,37.4331550802139,1.0506852636262392,5.906438508106184,14.96322670972926,68t +4.8R,57t -5.0R,62t +6.1R,False,False
ETH,RSI EMA rsi50/50,SL1.5/TP3.0 07-21 hold12,309,41.423948220064716,1.009245145084289,1.3689086937424202,21.421077059525693,107t +4.9R,99t -7.5R,103t +4.0R,False,False
ETH,RSI EMA rsi50/50,SL1.5/TP3.0 07-21 hold24,308,37.33766233766234,0.9514902127453826,-10.424434718566175,24.847512471027052,106t +3.1R,99t -10.7R,103t -2.9R,False,False
ETH,RSI EMA rsi50/50,SL1.5/TP3.0 07-21 hold48,307,34.85342019543974,0.9291023010649502,-15.945315968929958,24.433856445102258,105t +2.7R,99t -11.2R,103t -7.5R,False,False
ETH,RSI EMA rsi50/50,SL1.5/TP3.0 00-08 hold12,112,37.5,0.6967019028614023,-20.51446459649638,13.526710957183028,28t -6.5R,38t -10.6R,46t -3.4R,False,False
ETH,RSI EMA rsi50/50,SL1.5/TP3.0 00-08 hold24,112,35.71428571428571,0.8464693758415193,-13.21855920592752,14.67735690109421,28t +0.0R,38t -12.3R,46t -1.0R,False,False
ETH,RSI EMA rsi50/50,SL1.5/TP3.0 00-08 hold48,112,31.25,0.7746402492015118,-19.453467811413226,16.457301891937178,28t -1.1R,38t -13.1R,46t -5.3R,False,False
ETH,RSI EMA rsi50/50,SL1.5/TP3.0 13-21 hold12,195,37.94871794871795,0.9911410776568165,-4.511763549694869,20.64778116959511,73t +9.8R,56t -14.8R,66t +0.6R,False,False
ETH,RSI EMA rsi50/50,SL1.5/TP3.0 13-21 hold24,194,38.144329896907216,1.002803870405993,-3.8064899077705983,22.71406176361119,72t +12.7R,56t -16.9R,66t +0.4R,False,False
ETH,RSI EMA rsi50/50,SL1.5/TP3.0 13-21 hold48,194,36.597938144329895,1.0291048706769406,0.10263199863879913,20.214906178110084,72t +15.1R,56t -13.6R,66t -1.3R,False,False
ETH,RSI EMA rsi50/50,SL1.0/TP2.0 24/7 hold12,512,34.9609375,0.8305854462099929,-63.00526861512237,37.08633944840507,173t -23.5R,165t -30.6R,174t -8.9R,False,False
ETH,RSI EMA rsi50/50,SL1.0/TP2.0 24/7 hold24,511,33.85518590998043,0.8311259130379824,-64.82593487407979,37.25330591926945,173t -24.1R,164t -30.0R,174t -10.6R,False,False
ETH,RSI EMA rsi50/50,SL1.0/TP2.0 24/7 hold48,511,33.85518590998043,0.8282552861424543,-66.43688712495243,39.385954536012605,173t -22.3R,164t -32.2R,174t -12.0R,False,False
ETH,RSI EMA rsi50/50,SL1.0/TP2.0 12-18 hold12,219,34.70319634703196,0.8342920376655223,-26.93488597278211,23.815007451484544,85t -18.4R,61t -2.7R,73t -5.8R,False,False
ETH,RSI EMA rsi50/50,SL1.0/TP2.0 12-18 hold24,218,33.944954128440365,0.8578557201278532,-24.02995201848943,24.327483823652702,85t -19.7R,60t +0.7R,73t -5.1R,False,False
ETH,RSI EMA rsi50/50,SL1.0/TP2.0 12-18 hold48,218,34.403669724770644,0.8728142566922743,-21.585304207474074,23.66323295995996,85t -18.7R,60t +1.1R,73t -4.0R,False,False
ETH,RSI EMA rsi50/50,SL1.0/TP2.0 07-21 hold12,355,34.929577464788736,0.846116195982074,-39.650622549815566,27.775739651809292,131t -20.5R,108t -15.2R,116t -3.9R,False,False
ETH,RSI EMA rsi50/50,SL1.0/TP2.0 07-21 hold24,354,34.18079096045198,0.850231924652982,-39.882225605842734,28.347445276500316,131t -23.2R,107t -14.5R,116t -2.2R,False,False
ETH,RSI EMA rsi50/50,SL1.0/TP2.0 07-21 hold48,354,34.18079096045198,0.8498587624739128,-40.364641894424686,27.98963504893493,131t -22.2R,107t -16.6R,116t -1.6R,False,False
ETH,RSI EMA rsi50/50,SL1.0/TP2.0 00-08 hold12,132,37.121212121212125,0.8598824345384243,-13.25707798495553,17.124597774568187,37t -4.0R,45t -9.0R,50t -0.3R,False,False
ETH,RSI EMA rsi50/50,SL1.0/TP2.0 00-08 hold24,132,36.36363636363637,0.8993616689469464,-10.153007021962724,16.608251248367488,37t -2.1R,45t -8.6R,50t +0.6R,False,False
ETH,RSI EMA rsi50/50,SL1.0/TP2.0 00-08 hold48,132,34.84848484848485,0.8566952130169524,-14.654028306947657,18.778318734631938,37t -2.1R,45t -11.1R,50t -1.4R,False,False
ETH,RSI EMA rsi50/50,SL1.0/TP2.0 13-21 hold12,225,34.666666666666664,0.8642481504556933,-22.272380846831105,24.114812542584367,89t -6.2R,61t -14.9R,75t -1.2R,False,False
ETH,RSI EMA rsi50/50,SL1.0/TP2.0 13-21 hold24,224,33.92857142857143,0.8577669476415394,-23.883434510140724,24.298050141341683,89t -8.1R,60t -14.5R,75t -1.3R,False,False
ETH,RSI EMA rsi50/50,SL1.0/TP2.0 13-21 hold48,224,34.375,0.8742438486889833,-21.438786699125373,23.110152008695366,89t -7.1R,60t -14.1R,75t -0.2R,False,False
ETH,RSI EMA rsi50/50,SL2.0/TP2.0 24/7 hold12,447,49.88814317673378,0.918315433540817,-16.56093018142746,16.147738520605817,150t -6.7R,143t -11.4R,154t +1.5R,False,False
ETH,RSI EMA rsi50/50,SL2.0/TP2.0 24/7 hold24,445,50.78651685393258,0.9258933174813472,-17.41370822314704,23.5160275998291,149t -0.7R,142t -17.3R,154t +0.5R,False,False
ETH,RSI EMA rsi50/50,SL2.0/TP2.0 24/7 hold48,445,50.78651685393258,0.9105667173467721,-22.082552000363748,26.537326006482097,149t +1.2R,142t -19.3R,154t -3.9R,False,False
ETH,RSI EMA rsi50/50,SL2.0/TP2.0 12-18 hold12,184,52.71739130434783,1.0678232354372243,3.3253309609303154,9.18338584441851,70t -2.9R,55t -2.8R,59t +9.1R,False,False
ETH,RSI EMA rsi50/50,SL2.0/TP2.0 12-18 hold24,182,53.84615384615385,1.0601857731470237,4.1113270766753605,10.256399276800385,69t -0.6R,54t -2.8R,59t +7.5R,False,False
ETH,RSI EMA rsi50/50,SL2.0/TP2.0 12-18 hold48,182,54.395604395604394,1.0707596619197768,4.966122323737354,10.059723212289041,69t -0.3R,54t -2.7R,59t +8.0R,False,False
ETH,RSI EMA rsi50/50,SL2.0/TP2.0 07-21 hold12,305,52.459016393442624,1.0200137817136492,1.8057814592111985,10.308812618708217,110t -3.2R,94t -2.6R,101t +7.6R,False,False
ETH,RSI EMA rsi50/50,SL2.0/TP2.0 07-21 hold24,303,53.135313531353134,1.026377808124714,2.8544928329307537,14.14633618515668,109t +0.7R,93t -5.8R,101t +8.0R,False,False
ETH,RSI EMA rsi50/50,SL2.0/TP2.0 07-21 hold48,303,53.135313531353134,1.0086143921719282,0.12804338107513225,16.744353666235135,109t +0.9R,93t -7.7R,101t +6.9R,False,False
ETH,RSI EMA rsi50/50,SL2.0/TP2.0 00-08 hold12,121,48.760330578512395,0.8126275652580889,-10.518424720975164,10.5886055510307,34t -0.9R,39t -5.5R,48t -4.1R,False,False
ETH,RSI EMA rsi50/50,SL2.0/TP2.0 00-08 hold24,121,49.586776859504134,0.8543383585897051,-10.983479069673576,11.098709446004698,34t +1.8R,39t -10.2R,48t -2.7R,False,False
ETH,RSI EMA rsi50/50,SL2.0/TP2.0 00-08 hold48,121,47.107438016528924,0.8041473275054932,-15.333648657666613,13.076394554396753,34t +2.4R,39t -12.1R,48t -5.6R,False,False
ETH,RSI EMA rsi50/50,SL2.0/TP2.0 13-21 hold12,190,51.578947368421055,1.0715497631350117,3.4330306638212607,11.914240615078752,74t +3.7R,53t -8.0R,63t +7.7R,False,False
ETH,RSI EMA rsi50/50,SL2.0/TP2.0 13-21 hold24,188,52.659574468085104,1.0444364231639824,1.032323237035623,15.170609236010437,73t +6.2R,52t -10.7R,63t +5.6R,False,False
ETH,RSI EMA rsi50/50,SL2.0/TP2.0 13-21 hold48,188,53.191489361702125,1.04339983211432,1.0789766971585912,15.553493562595348,73t +6.0R,52t -10.7R,63t +5.7R,False,False
ETH,RSI EMA rsi50/50,SL1.0/TP1.0 24/7 hold12,562,47.686832740213525,0.6968618922382953,-102.31734591719325,48.73697546164729,187t -48.8R,177t -22.1R,198t -31.4R,False,False
ETH,RSI EMA rsi50/50,SL1.0/TP1.0 24/7 hold24,562,47.330960854092524,0.6897744347984418,-105.72841749667381,48.73697546164729,187t -48.8R,177t -24.1R,198t -32.8R,False,False
ETH,RSI EMA rsi50/50,SL1.0/TP1.0 24/7 hold48,562,47.50889679715303,0.6932607076649641,-104.55910540175473,48.73697546164729,187t -48.8R,177t -22.9R,198t -32.8R,False,False
ETH,RSI EMA rsi50/50,SL1.0/TP1.0 12-18 hold12,242,47.93388429752066,0.7526739000950388,-38.950413602910245,28.035432356300674,93t -28.3R,65t +2.4R,84t -13.0R,False,False
ETH,RSI EMA rsi50/50,SL1.0/TP1.0 12-18 hold24,242,47.93388429752066,0.7491767914806002,-39.5436922849161,28.035432356300674,93t -28.3R,65t +2.3R,84t -13.5R,False,False
ETH,RSI EMA rsi50/50,SL1.0/TP1.0 12-18 hold48,242,48.34710743801653,0.7596656084191236,-38.37438018999702,28.035432356300674,93t -28.3R,65t +3.4R,84t -13.5R,False,False
ETH,RSI EMA rsi50/50,SL1.0/TP1.0 07-21 hold12,395,46.835443037974684,0.6781686913719024,-77.25586032477577,37.92999172548676,143t -38.2R,119t -16.7R,133t -22.4R,False,False
ETH,RSI EMA rsi50/50,SL1.0/TP1.0 07-21 hold24,395,46.835443037974684,0.6782899115048059,-77.67025612721302,37.92999172548676,143t -38.2R,119t -17.4R,133t -22.0R,False,False
ETH,RSI EMA rsi50/50,SL1.0/TP1.0 07-21 hold48,395,47.08860759493671,0.6831946490793742,-76.50094403229394,37.92999172548676,143t -38.2R,119t -16.2R,133t -22.0R,False,False
ETH,RSI EMA rsi50/50,SL1.0/TP1.0 00-08 hold12,136,51.470588235294116,0.8165183053153989,-16.219555937454395,12.119925289161595,39t -13.3R,45t -0.9R,52t -2.1R,False,False
ETH,RSI EMA rsi50/50,SL1.0/TP1.0 00-08 hold24,136,50.73529411764706,0.8005290779911476,-17.439126195622947,12.119925289161595,39t -13.3R,45t -2.1R,52t -2.1R,False,False
ETH,RSI EMA rsi50/50,SL1.0/TP1.0 00-08 hold48,136,50.73529411764706,0.8005290779911476,-17.439126195622947,12.119925289161595,39t -13.3R,45t -2.1R,52t -2.1R,False,False
ETH,RSI EMA rsi50/50,SL1.0/TP1.0 13-21 hold12,254,47.24409448818898,0.7136094660537216,-43.446385879144295,21.57907599644708,99t -21.9R,65t -5.8R,90t -15.8R,False,False
ETH,RSI EMA rsi50/50,SL1.0/TP1.0 13-21 hold24,254,47.24409448818898,0.7107108028768717,-44.03966456115015,21.57907599644708,99t -21.9R,65t -5.9R,90t -16.2R,False,False
ETH,RSI EMA rsi50/50,SL1.0/TP1.0 13-21 hold48,254,47.637795275590555,0.7190010392799318,-42.87035246623107,21.57907599644708,99t -21.9R,65t -4.7R,90t -16.2R,False,False
ETH,RSI EMA rsi50/50,SL2.0/TP4.0 24/7 hold12,401,41.64588528678304,0.8615434644620911,-28.332717801322083,25.771440312183024,129t -5.1R,134t -19.9R,138t -3.3R,False,False
ETH,RSI EMA rsi50/50,SL2.0/TP4.0 24/7 hold24,389,37.53213367609254,0.9010397289449031,-24.24582170350737,29.486458830956384,124t +0.9R,133t -20.7R,132t -4.5R,False,False
ETH,RSI EMA rsi50/50,SL2.0/TP4.0 24/7 hold48,384,35.677083333333336,0.943623255398403,-16.135409966815665,30.213640692425106,123t +11.4R,129t -16.8R,132t -10.8R,False,False
ETH,RSI EMA rsi50/50,SL2.0/TP4.0 12-18 hold12,170,40.0,0.9067736142072921,-9.749155177928362,17.781491900534533,63t -0.8R,52t -12.5R,55t +3.5R,False,False
ETH,RSI EMA rsi50/50,SL2.0/TP4.0 12-18 hold24,163,40.49079754601227,0.9569028670605966,-6.073389469178724,19.70238672002405,60t +3.8R,52t -13.9R,51t +4.0R,False,False
ETH,RSI EMA rsi50/50,SL2.0/TP4.0 12-18 hold48,163,35.58282208588957,0.9520005021085987,-6.133688323170607,18.135363065554525,60t +4.0R,52t -11.5R,51t +1.3R,False,False
ETH,RSI EMA rsi50/50,SL2.0/TP4.0 07-21 hold12,276,43.84057971014493,0.9675821288087978,-5.662603266830935,21.096509390567284,95t +2.6R,91t -13.3R,90t +5.0R,False,False
ETH,RSI EMA rsi50/50,SL2.0/TP4.0 07-21 hold24,265,39.62264150943396,0.9735343873043408,-4.518784707700532,21.772773350094134,91t +1.8R,90t -9.6R,84t +3.3R,False,False
ETH,RSI EMA rsi50/50,SL2.0/TP4.0 07-21 hold48,261,36.7816091954023,1.001282431913927,-0.20140265328459872,19.404328822576147,91t +6.8R,86t -6.1R,84t -0.9R,False,False
ETH,RSI EMA rsi50/50,SL2.0/TP4.0 00-08 hold12,107,42.05607476635514,0.7231992073094924,-14.97784296523958,13.332177749346558,28t -5.3R,36t -6.6R,43t -3.1R,False,False
ETH,RSI EMA rsi50/50,SL2.0/TP4.0 00-08 hold24,106,36.79245283018868,0.9214658284534338,-6.372640670944146,14.237853723330758,27t +1.8R,36t -10.1R,43t +1.9R,False,False
ETH,RSI EMA rsi50/50,SL2.0/TP4.0 00-08 hold48,106,34.905660377358494,0.9027688721656743,-8.560022713225457,15.870637685312778,27t +2.7R,36t -12.3R,43t +1.0R,False,False
ETH,RSI EMA rsi50/50,SL2.0/TP4.0 13-21 hold12,175,37.714285714285715,0.8953284252589919,-12.777356289727036,19.11350762518406,66t +4.9R,51t -16.1R,58t -1.5R,False,False
ETH,RSI EMA rsi50/50,SL2.0/TP4.0 13-21 hold24,166,37.34939759036145,0.879755312528773,-16.684146012072862,22.423560954265263,62t +8.8R,51t -18.5R,53t -7.0R,False,False
ETH,RSI EMA rsi50/50,SL2.0/TP4.0 13-21 hold48,166,33.734939759036145,0.9095131589706956,-14.186032110810222,20.73801302348716,62t +11.4R,51t -16.0R,53t -9.6R,False,False
ETH,MACD H1,SL1.5/TP3.0 hold24,97,39.175257731958766,1.1188229707296988,6.485412838728573,8.219544098924777,34t +2.4R,28t -1.8R,35t +5.9R,False,False
ETH,MACD H1,SL1.5/TP3.0 hold48,94,36.170212765957444,1.079030414773952,3.9154102428768964,10.473920347910607,32t +3.2R,28t -4.7R,34t +5.4R,False,False
ETH,MACD H1,SL1.5/TP1.5 hold24,98,50.0,1.0086545778950824,-0.7852994625465628,7.1940069357347,34t +1.1R,28t -5.4R,36t +3.5R,False,False
ETH,MACD H1,SL1.5/TP1.5 hold48,97,50.51546391752577,0.998454479086858,-1.8717355140433145,8.516342817428896,34t +1.1R,28t -6.7R,35t +3.7R,False,False
ETH,MACD H1,SL1.0/TP2.0 hold24,106,35.84905660377358,0.9927365757579262,-1.3588331089359749,12.659582444350331,38t +3.7R,31t -6.9R,37t +1.8R,False,False
ETH,MACD H1,SL1.0/TP2.0 hold48,104,33.65384615384615,0.966727785898818,-3.5657621521375553,13.856221432149312,36t +4.6R,31t -8.1R,37t -0.0R,False,False
ETH,MACD H1,SL2.0/TP4.0 hold24,85,44.705882352941174,1.221130253313056,9.141949086046385,6.231801297278887,29t +4.0R,24t +3.9R,32t +1.2R,True,False
ETH,MACD H1,SL2.0/TP4.0 hold48,77,38.96103896103896,1.2449785110015745,10.154498945771376,7.181167271529869,27t +3.4R,24t +0.9R,26t +5.9R,True,False
ETH,MACD H1,SL1.0/TP1.0 hold24,108,52.77777777777778,1.0241524393548493,1.1742376572039352,5.412052443271776,39t -0.6R,31t -0.1R,38t +1.9R,False,False
ETH,MACD H1,SL1.0/TP1.0 hold48,108,52.77777777777778,1.0241524393548493,1.1742376572039352,5.412052443271776,39t -0.6R,31t -0.1R,38t +1.9R,False,False
ETH,MACD M15,SL1.5/TP3.0 hold48,377,33.42175066312998,0.8755506855389079,-34.064472235119744,34.87250988739301,133t -2.7R,120t -25.7R,124t -5.7R,False,False
ETH,MACD M15,SL1.5/TP3.0 hold96,361,33.2409972299169,0.8933146657846714,-29.152036181114166,34.20045433868198,122t -0.8R,119t -26.7R,120t -1.7R,False,False
ETH,MACD M15,SL1.5/TP1.5 hold48,425,48.0,0.8160243448670166,-43.506220943909085,26.08045458287489,147t -7.4R,133t -17.6R,145t -18.5R,False,False
ETH,MACD M15,SL1.5/TP1.5 hold96,424,48.34905660377358,0.8249712275893786,-41.47831701384721,25.857603764930683,147t -5.6R,132t -17.3R,145t -18.5R,False,False
ETH,MACD M15,SL1.0/TP2.0 hold48,467,29.122055674518204,0.7036157904210594,-107.85195381117981,51.39625912180895,165t -44.0R,150t -37.8R,152t -26.0R,False,False
ETH,MACD M15,SL1.0/TP2.0 hold96,461,29.284164859002168,0.7127869947550627,-102.81389260536545,46.71694324031482,159t -39.3R,150t -36.6R,152t -26.9R,False,False
ETH,MACD M15,SL2.0/TP4.0 hold48,322,33.22981366459627,0.8725575600124701,-31.295982920812598,31.72317852279702,112t +8.0R,104t -28.5R,106t -10.8R,False,False
ETH,MACD M15,SL2.0/TP4.0 hold96,296,33.108108108108105,0.9044100195880581,-22.61405193587995,24.97771631595554,98t +9.4R,97t -23.2R,101t -8.8R,False,False
ETH,MACD M15,SL1.0/TP1.0 hold48,489,43.353783231083845,0.6283209169116064,-114.30518550684904,55.03307277880725,177t -51.7R,155t -29.9R,157t -32.7R,False,False
ETH,MACD M15,SL1.0/TP1.0 hold96,489,43.353783231083845,0.6283209169116064,-114.30518550684904,55.03307277880725,177t -51.7R,155t -29.9R,157t -32.7R,False,False
