symbol,strategy,config,n,win,pf,netR,maxDD,pos_windows,windows,pass
ETH,ARB,range00-07 tp1.0R,127,55.90551181102362,1.0736083462460393,3.916536237915553,5.869431709288252,3/6,23t +7.0 | 27t -3.2 | 23t +2.9 | 12t -1.7 | 25t +0.2 | 17t -1.2,False
ETH,ARB,range00-08 tp1.0R,123,57.72357723577236,1.199412662056447,9.547045742290837,5.9974766315109775,4/6,19t +4.5 | 23t +1.0 | 26t +2.1 | 14t -0.3 | 18t -0.9 | 23t +3.1,False
ETH,NYORB,30min tp1.0R,306,51.9607843137255,0.9529441146124514,-5.936326690783598,20.563885854212685,3/6,55t +6.6 | 48t -6.4 | 54t +0.8 | 50t -4.7 | 50t -4.1 | 49t +1.8,False
ETH,NYORB,60min tp1.0R,268,50.373134328358205,1.1059813078762175,9.724177346315109,10.358904404419112,5/6,49t +9.8 | 45t +0.4 | 44t +3.0 | 42t -5.1 | 44t +1.2 | 44t +0.4,False
ETH,PDB,tp1.0R sl1.5atr,153,49.673202614379086,0.8150591687444119,-13.902658619678606,15.456003621664673,1/6,28t -8.5 | 27t -1.0 | 22t +1.9 | 26t -1.8 | 25t -1.3 | 25t -3.2,False
ETH,EPB,tp1.0R 24h,1225,48.816326530612244,0.7279372281434094,-170.21765819293245,172.08175177632253,0/6,218t -18.7 | 190t -40.3 | 206t -40.2 | 203t -6.9 | 200t -36.8 | 208t -27.2,False
ETH,EPB,tp1.0R 07-21,800,50.0,0.7515287369263051,-99.32838995991403,107.15736949095212,0/6,145t -10.1 | 127t -12.5 | 125t -17.5 | 136t -15.0 | 128t -23.0 | 139t -21.1,False
ETH,ARB,range00-07 tp1.5R,127,46.45669291338583,1.0813238667178935,5.197314728957735,12.126415283458448,2/6,23t +13.2 | 27t -6.6 | 23t -1.1 | 12t -0.8 | 25t +1.3 | 17t -0.8,False
ETH,ARB,range00-08 tp1.5R,123,47.96747967479675,1.127963001317241,7.620267775326332,7.48067737283318,3/6,19t +4.4 | 23t -0.1 | 26t +2.1 | 14t -1.7 | 18t -2.6 | 23t +5.4,False
ETH,NYORB,30min tp1.5R,302,46.688741721854306,1.0425689556550473,5.870153364994464,17.877260881131832,3/6,54t +9.3 | 48t -4.0 | 53t +2.6 | 49t -5.4 | 50t -1.2 | 48t +4.5,False
ETH,NYORB,60min tp1.5R,268,47.76119402985074,1.2334431134518413,22.493540772761296,13.598685312906678,5/6,49t +17.3 | 45t +0.5 | 44t +1.7 | 42t -4.9 | 44t +3.9 | 44t +4.0,True
ETH,PDB,tp1.5R sl1.5atr,153,44.44444444444444,1.0435609630458484,3.564993780861081,10.5579472579438,5/6,28t -6.2 | 27t +0.4 | 22t +4.5 | 26t +3.9 | 25t +0.8 | 25t +0.1,False
ETH,EPB,tp1.5R 24h,1065,41.31455399061033,0.7878811474314875,-131.4026717319166,140.10804376777978,1/6,187t -13.6 | 167t -36.3 | 180t -32.5 | 177t +1.4 | 179t -30.5 | 175t -19.9,False
ETH,EPB,tp1.5R 07-21,702,41.88034188034188,0.8103494608090145,-76.18743288470858,93.25645537190852,0/6,122t -0.6 | 116t -15.9 | 109t -15.0 | 117t -9.0 | 118t -17.9 | 120t -17.8,False
ETH,ARB,range00-07 tp2.0R,126,39.682539682539684,1.0880279734852947,6.285872165799217,13.446764662683607,3/6,23t +14.1 | 27t -3.3 | 23t -4.8 | 12t +0.6 | 25t +6.2 | 16t -6.7,False
ETH,ARB,range00-08 tp2.0R,122,41.80327868852459,1.1184487523089808,7.840787742049067,7.0166572303337365,4/6,19t +5.8 | 23t +2.5 | 26t +0.8 | 14t +0.2 | 18t -0.2 | 22t -1.3,False
ETH,NYORB,30min tp2.0R,301,44.85049833887043,1.1633730347730133,23.280183160210363,12.737705991488205,3/6,53t +14.6 | 48t -1.2 | 53t +5.9 | 49t -0.5 | 50t -3.8 | 48t +8.2,False
ETH,NYORB,60min tp2.0R,267,46.06741573033708,1.2442913687229746,24.298545122670532,9.652096563791895,5/6,48t +15.1 | 45t +0.3 | 44t +5.5 | 42t -2.3 | 44t +3.1 | 44t +2.6,True
ETH,PDB,tp2.0R sl1.5atr,153,39.21568627450981,1.076644150806388,6.928192059073947,11.308941965250817,3/6,28t -3.0 | 27t -5.8 | 22t +5.3 | 26t +6.8 | 25t -1.7 | 25t +5.2,False
ETH,EPB,tp2.0R 24h,986,36.91683569979716,0.8157080447377193,-113.01412407382625,118.23834064852983,1/6,174t -13.1 | 162t -37.6 | 166t -25.8 | 158t +0.3 | 167t -20.1 | 159t -16.7,False
ETH,EPB,tp2.0R 07-21,663,38.763197586727,0.8982522709327386,-40.72387850947128,62.96954693667266,1/6,112t +8.3 | 113t -7.2 | 106t -10.7 | 111t -1.8 | 110t -16.2 | 111t -13.2,False
ETH,VPB,sl1.5/tp2.0atr 07-21,903,43.74307862679956,0.6765419199566991,-175.81517546353405,178.70852427381558,0/6,149t -13.9 | 149t -23.1 | 155t -49.5 | 152t -35.1 | 148t -24.6 | 150t -29.5,False
ETH,VPB,sl1.5/tp2.0atr 24h,1871,43.18546231961518,0.6413001143912548,-418.51937594789916,423.49018534983594,0/6,298t -22.3 | 300t -78.7 | 317t -94.5 | 308t -52.6 | 323t -85.3 | 325t -85.2,False
ETH,VPB,sl1.5/tp3.0atr 07-21,820,35.36585365853659,0.7425599872367301,-146.07462866380982,160.86519733074343,1/6,135t +0.8 | 133t -22.5 | 141t -49.2 | 141t -38.1 | 132t -13.5 | 138t -23.6,False
ETH,VPB,sl1.5/tp3.0atr 24h,1639,33.98413666870043,0.6914803070818396,-366.78329048824554,369.15876487049974,0/6,256t -13.4 | 269t -85.5 | 258t -81.2 | 283t -49.3 | 282t -55.7 | 291t -81.7,False
ETH,VPB,sl1.0/tp2.0atr 07-21,1099,34.303912647861694,0.6092241758235826,-321.12108659249844,326.57552505362275,0/6,174t -16.1 | 168t -27.0 | 185t -71.0 | 199t -90.7 | 178t -49.6 | 195t -66.8,False
ETH,VPB,sl1.0/tp2.0atr 24h,2302,34.3614248479583,0.5947177851292678,-707.9643116986535,715.3392081256395,0/6,356t -36.7 | 360t -100.3 | 376t -136.6 | 389t -124.6 | 396t -137.5 | 425t -172.3,False
ETH,VPB,sl2.0/tp3.0atr 07-21,698,41.977077363896846,0.7866826511549656,-88.72281668564062,100.00944571058889,1/6,118t +0.6 | 117t -15.7 | 107t -22.3 | 114t -19.4 | 119t -11.5 | 123t -20.5,False
ETH,VPB,sl2.0/tp3.0atr 24h,1384,40.39017341040462,0.7249182444821389,-241.25263659240056,242.69506027954932,0/6,212t -8.0 | 228t -61.1 | 201t -38.0 | 231t -23.3 | 251t -42.1 | 261t -68.8,False
ETH,VBF,2.0sd hold24,918,49.34640522875817,0.5586702107661736,-180.89873281967635,183.51364475786363,0/6,148t -25.7 | 162t -18.2 | 162t -30.5 | 145t -24.5 | 141t -44.0 | 160t -37.9,False
ETH,VBF,2.0sd hold48,866,48.72979214780601,0.5850491008810885,-174.12402256219633,176.73893450038378,0/6,143t -25.8 | 152t -19.6 | 153t -28.9 | 132t -20.4 | 138t -39.9 | 148t -39.5,False
ETH,VBF,2.5sd hold24,475,47.578947368421055,0.48581298066232703,-115.64020945567646,116.76513560031842,0/6,72t -19.4 | 88t -5.8 | 66t -16.1 | 84t -20.4 | 80t -32.2 | 85t -21.7,False
ETH,VBF,2.5sd hold48,463,47.94816414686825,0.5464368377543397,-104.03888146419396,105.36884508075873,0/6,70t -16.4 | 86t -9.5 | 65t -13.1 | 81t -11.9 | 78t -29.8 | 83t -23.4,False
SOL,ARB,range00-07 tp1.0R,167,44.91017964071856,0.7245523458007718,-24.20777389578509,25.385811915645412,0/6,35t -5.0 | 32t -2.3 | 30t -8.2 | 18t -2.2 | 26t -3.0 | 26t -3.5,False
SOL,ARB,range00-08 tp1.0R,145,45.51724137931035,0.7580461624551769,-18.047829803639605,21.20240132898016,0/6,28t -2.1 | 28t -2.1 | 27t -4.9 | 15t -0.7 | 21t -3.2 | 26t -5.0,False
SOL,NYORB,30min tp1.0R,320,55.00000000000001,0.9977763335834999,-0.302051939734863,15.445515199398738,4/6,58t +0.0 | 50t -5.7 | 53t +7.3 | 51t +0.5 | 54t +0.7 | 54t -3.1,False
SOL,NYORB,60min tp1.0R,281,54.44839857651246,1.0818522469603566,7.968483462100393,14.4344731822511,3/6,50t +12.6 | 46t -7.7 | 45t +6.4 | 46t +3.6 | 47t -4.9 | 47t -2.0,False
SOL,PDB,tp1.0R sl1.5atr,163,49.079754601226995,0.809135137658177,-16.017724453813102,25.66961836608077,2/6,25t +1.8 | 29t -11.2 | 28t -2.2 | 27t -1.0 | 31t -8.0 | 23t +4.6,False
SOL,EPB,tp1.0R 24h,1245,49.23694779116466,0.7744599943426753,-142.939066548148,150.35270036285937,0/6,206t -12.6 | 200t -9.9 | 213t -38.6 | 199t -13.0 | 210t -36.7 | 217t -32.2,False
SOL,EPB,tp1.0R 07-21,815,52.392638036809814,0.8671631473219932,-52.28035231610437,66.66848308671729,2/6,139t +1.7 | 135t +3.4 | 132t -15.3 | 137t -10.9 | 142t -28.2 | 130t -3.0,False
SOL,ARB,range00-07 tp1.5R,167,37.72455089820359,0.7536535728202564,-23.695624556086806,27.884739521723723,0/6,35t -3.0 | 32t -3.8 | 30t -7.5 | 18t -0.2 | 26t -7.6 | 26t -1.7,False
SOL,ARB,range00-08 tp1.5R,145,37.93103448275862,0.7461190850920129,-20.97459579139109,25.535705185651164,1/6,28t -2.9 | 28t -4.5 | 27t -8.8 | 15t +2.6 | 21t -6.7 | 26t -0.6,False
SOL,NYORB,30min tp1.5R,312,47.11538461538461,0.9766591908811539,-3.502310047428554,15.83274513042798,3/6,56t +1.7 | 49t -1.0 | 51t +1.2 | 50t +1.4 | 53t -4.4 | 53t -2.4,False
SOL,NYORB,60min tp1.5R,279,49.82078853046595,1.050333331098617,5.274030173971415,16.351767850472463,3/6,49t +16.3 | 46t -6.7 | 44t +3.0 | 46t +2.8 | 47t -6.8 | 47t -3.4,False
SOL,PDB,tp1.5R sl1.5atr,163,39.263803680981596,0.8247529835628263,-17.43343542397916,22.33319757476913,2/6,25t +1.0 | 29t -8.8 | 28t -0.7 | 27t -1.9 | 31t -9.1 | 23t +2.1,False
SOL,EPB,tp1.5R 24h,1092,40.934065934065934,0.8184562847677166,-116.20703037819902,128.2442217001661,1/6,183t -10.1 | 173t -9.6 | 186t -31.8 | 180t +2.3 | 181t -35.4 | 189t -31.6,False
SOL,EPB,tp1.5R 07-21,726,43.25068870523416,0.9022234770304506,-40.26720607305539,63.512740861003536,2/6,121t +2.1 | 119t +13.8 | 121t -19.9 | 122t -0.8 | 128t -26.5 | 115t -9.0,False
SOL,ARB,range00-07 tp2.0R,167,33.532934131736525,0.7728979264958388,-23.2919808928064,28.633493678013554,1/6,35t -3.7 | 32t -7.2 | 30t -4.5 | 18t -3.1 | 26t -6.4 | 26t +1.7,False
SOL,ARB,range00-08 tp2.0R,145,33.10344827586207,0.7327829446990188,-23.778397936500276,33.188700185357064,1/6,28t -1.0 | 28t -6.0 | 27t -7.9 | 15t -3.9 | 21t -7.7 | 26t +2.7,False
SOL,NYORB,30min tp2.0R,312,45.83333333333333,1.1094356108633923,16.72345203842017,17.216101500061107,3/6,56t +10.5 | 49t -0.0 | 51t +4.2 | 50t +3.5 | 53t -0.4 | 53t -1.0,False
SOL,NYORB,60min tp2.0R,279,48.38709677419355,1.0812971425898,8.771386746883994,15.91209860207285,3/6,49t +16.1 | 46t -5.2 | 44t +5.1 | 46t +1.0 | 47t -6.7 | 47t -1.5,False
SOL,PDB,tp2.0R sl1.5atr,163,34.355828220858896,0.8298424364471766,-18.264056981535823,26.891684841140144,2/6,25t +0.1 | 29t -7.4 | 28t -4.3 | 27t -3.0 | 31t -8.2 | 23t +4.5,False
SOL,EPB,tp2.0R 24h,1002,36.72654690618762,0.8538125670182491,-91.86106963639368,115.13097618227238,1/6,168t -2.1 | 156t -7.6 | 172t -30.4 | 168t +14.7 | 169t -35.5 | 169t -30.9,False
SOL,EPB,tp2.0R 07-21,671,38.89716840536513,0.9544373331277896,-18.771558850340483,60.413311971178786,3/6,110t +7.7 | 108t +23.1 | 110t -9.7 | 119t +6.8 | 120t -27.5 | 104t -19.2,False
SOL,VPB,sl1.5/tp2.0atr 07-21,900,45.33333333333333,0.7720824063233219,-119.17347959122438,124.49939286000375,0/6,144t -13.9 | 145t -14.0 | 160t -35.0 | 156t -20.2 | 158t -24.8 | 137t -11.3,False
SOL,VPB,sl1.5/tp2.0atr 24h,1858,42.2497308934338,0.6741803602939936,-378.1759210480532,382.74197417701595,0/6,313t -58.9 | 293t -65.6 | 306t -57.4 | 301t -57.3 | 326t -78.8 | 319t -60.2,False
SOL,VPB,sl1.5/tp3.0atr 07-21,800,36.125,0.821327166531402,-97.17688019380941,104.56919267128472,0/6,136t -9.0 | 129t -0.3 | 142t -25.6 | 141t -18.4 | 131t -30.5 | 121t -13.4,False
SOL,VPB,sl1.5/tp3.0atr 24h,1604,33.728179551122196,0.7404355012908311,-298.0000694285183,305.03330480387945,0/6,273t -47.9 | 249t -44.5 | 267t -49.2 | 276t -41.8 | 270t -54.8 | 269t -59.7,False
SOL,VPB,sl1.0/tp2.0atr 07-21,1071,36.69467787114846,0.7338197449596109,-201.81660933184133,213.27526583567303,0/6,165t -15.2 | 169t -31.2 | 192t -52.6 | 196t -44.1 | 186t -41.6 | 163t -17.1,False
SOL,VPB,sl1.0/tp2.0atr 24h,2286,34.120734908136484,0.6514279881379698,-593.5817277585433,603.1139200307658,0/6,387t -83.2 | 360t -112.8 | 369t -93.6 | 380t -100.7 | 400t -111.8 | 390t -91.5,False
SOL,VPB,sl2.0/tp3.0atr 07-21,696,42.09770114942529,0.8402308395152176,-66.23070455726065,75.06739576209657,0/6,118t -3.3 | 115t -2.4 | 118t -15.3 | 121t -11.3 | 117t -19.7 | 107t -14.1,False
SOL,VPB,sl2.0/tp3.0atr 24h,1357,39.5725865880619,0.7522226655646231,-213.5838401693249,223.1882233927372,0/6,222t -36.7 | 217t -35.4 | 225t -37.1 | 228t -18.4 | 242t -45.8 | 223t -40.1,False
SOL,VBF,2.0sd hold24,998,49.899799599198396,0.6205310582169473,-166.00249192540272,167.91327831438701,0/6,186t -13.0 | 174t -27.9 | 154t -34.0 | 163t -32.1 | 160t -28.8 | 161t -30.3,False
SOL,VBF,2.0sd hold48,925,50.16216216216216,0.6704623775162044,-143.5331951641432,148.44845468068397,0/6,172t -9.8 | 163t -20.6 | 150t -29.4 | 150t -30.5 | 148t -26.2 | 142t -27.0,False
SOL,VBF,2.5sd hold24,521,46.449136276391556,0.5164632565410513,-125.26837346958996,128.95910996416984,0/6,88t -3.9 | 93t -24.9 | 87t -29.1 | 86t -27.2 | 78t -22.9 | 89t -17.3,False
SOL,VBF,2.5sd hold48,501,47.90419161676647,0.5649559153937059,-112.23454927852632,116.69754210862432,0/6,84t -4.3 | 92t -21.0 | 83t -23.3 | 80t -29.0 | 77t -21.9 | 85t -12.7,False
BTC,ARB,range00-07 tp1.0R,111,52.25225225225225,0.9709384996830103,-1.4037449103093416,13.440267260337697,2/6,22t +6.6 | 22t -3.5 | 20t -4.8 | 12t -1.5 | 13t -1.8 | 22t +3.7,False
BTC,ARB,range00-08 tp1.0R,89,53.93258426966292,1.079736313460626,2.8683230770495323,9.356147953064296,2/6,9t +7.8 | 19t -2.6 | 19t -0.3 | 16t -3.3 | 9t -0.0 | 17t +1.3,False
BTC,NYORB,30min tp1.0R,317,46.37223974763407,0.6943019035253283,-44.23163061730878,45.79681023346987,0/6,58t -6.5 | 55t -9.7 | 48t -7.5 | 54t -9.3 | 51t -3.0 | 51t -8.3,False
BTC,NYORB,60min tp1.0R,275,42.90909090909091,0.7357594960436472,-28.86700893848392,33.295174041376825,1/6,52t +0.9 | 48t -5.5 | 42t -7.0 | 45t -8.0 | 41t -1.8 | 47t -7.4,False
BTC,PDB,tp1.0R sl1.5atr,168,54.166666666666664,0.8987959988777446,-7.729042815618438,13.05378070515515,3/6,28t -7.5 | 26t +2.1 | 32t -5.4 | 25t +6.0 | 33t -5.4 | 24t +2.4,False
BTC,EPB,tp1.0R 24h,1191,46.85138539042821,0.6322125508099945,-233.24367232489746,237.93865016652234,0/6,204t -26.9 | 218t -34.6 | 198t -48.0 | 195t -36.7 | 192t -50.1 | 184t -37.0,False
BTC,EPB,tp1.0R 07-21,760,48.55263157894737,0.6857907190662474,-122.04403046296258,126.7970049004406,0/6,133t -15.5 | 139t -16.5 | 129t -23.5 | 120t -20.3 | 128t -24.3 | 111t -21.9,False
BTC,ARB,range00-07 tp1.5R,111,40.54054054054054,0.8715646167487162,-7.734952365128197,23.08428683361387,2/6,22t +7.5 | 22t -4.5 | 20t -8.1 | 12t -3.5 | 13t -2.2 | 22t +3.1,False
BTC,ARB,range00-08 tp1.5R,89,44.9438202247191,1.0515377504122643,2.227536975028819,15.925089767606382,3/6,9t +9.0 | 19t -2.6 | 19t -2.4 | 16t -7.2 | 9t +2.3 | 17t +3.1,False
BTC,NYORB,30min tp1.5R,310,40.32258064516129,0.7220952761927375,-44.16744103779443,43.28535756196517,0/6,55t -8.2 | 54t -5.5 | 48t -7.5 | 52t -15.0 | 50t -2.5 | 51t -5.5,False
BTC,NYORB,60min tp1.5R,274,39.416058394160586,0.7441751419685213,-29.0219199209184,35.930529412320844,1/6,51t +4.2 | 48t -7.6 | 42t -5.1 | 45t -7.9 | 41t -1.7 | 47t -11.0,False
BTC,PDB,tp1.5R sl1.5atr,168,45.23809523809524,0.9008309732751172,-9.259973469162386,16.46867205326507,3/6,28t -9.8 | 26t -2.4 | 32t -0.9 | 25t +2.4 | 33t +0.1 | 24t +1.4,False
BTC,EPB,tp1.5R 24h,1045,39.33014354066985,0.6982097473548997,-190.31678060841637,204.71241618209245,0/6,182t -20.9 | 183t -31.7 | 175t -39.8 | 175t -30.9 | 169t -41.5 | 161t -25.6,False
BTC,EPB,tp1.5R 07-21,683,42.020497803806734,0.7878346227529315,-83.58853695857958,92.8112304524517,0/6,121t -7.1 | 122t -9.3 | 115t -20.3 | 108t -12.0 | 113t -22.4 | 104t -12.5,False
BTC,ARB,range00-07 tp2.0R,111,36.03603603603604,0.9393714772699994,-3.9196205220012086,21.164827074991024,2/6,22t +7.1 | 22t -1.7 | 20t -5.8 | 12t -3.5 | 13t -3.0 | 22t +3.1,False
BTC,ARB,range00-08 tp2.0R,89,39.325842696629216,1.0240252092332436,1.1297936423473427,16.48047474477332,3/6,9t +9.5 | 19t -3.5 | 19t -0.8 | 16t -7.5 | 9t +1.5 | 17t +1.9,False
BTC,NYORB,30min tp2.0R,308,38.311688311688314,0.7855536833836373,-35.18490003021731,35.59617231938781,0/6,55t -2.9 | 54t -5.5 | 47t -7.9 | 52t -13.2 | 50t -0.1 | 50t -5.7,False
BTC,NYORB,60min tp2.0R,273,38.46153846153847,0.8027961864807522,-22.72249698791707,32.78988800577116,2/6,50t +6.9 | 48t -6.2 | 42t -2.5 | 45t -9.9 | 41t +0.5 | 47t -11.5,False
BTC,PDB,tp2.0R sl1.5atr,168,41.07142857142857,0.9971358410190264,-0.28722624944251685,16.70489173527026,3/6,28t -13.1 | 26t +1.2 | 32t -0.1 | 25t +7.5 | 33t -1.5 | 24t +5.7,False
BTC,EPB,tp2.0R 24h,975,34.76923076923077,0.7021441089970107,-189.8885749026304,206.1921333804509,0/6,164t -16.3 | 166t -39.6 | 167t -35.5 | 168t -19.7 | 159t -50.7 | 151t -27.9,False
BTC,EPB,tp2.0R 07-21,646,38.080495356037154,0.8222307682737318,-71.03238626610965,79.91220735973306,0/6,115t -4.9 | 108t -12.0 | 111t -17.9 | 106t -2.0 | 108t -25.0 | 98t -9.1,False
BTC,VPB,sl1.5/tp2.0atr 07-21,916,44.32314410480349,0.5911950013365239,-230.62158579496094,237.37317403832498,0/6,160t -33.2 | 154t -26.7 | 155t -44.5 | 147t -23.1 | 134t -47.3 | 166t -55.8,False
BTC,VPB,sl1.5/tp2.0atr 24h,1910,41.78010471204188,0.5179695068963053,-606.5255278406348,608.5535515482079,0/6,311t -61.8 | 310t -69.3 | 307t -113.2 | 312t -71.1 | 311t -131.5 | 359t -159.6,False
BTC,VPB,sl1.5/tp3.0atr 07-21,808,34.65346534653465,0.6191099441601663,-225.70901408881744,232.86392918759893,0/6,142t -34.9 | 135t -23.4 | 129t -45.8 | 134t -23.4 | 123t -51.9 | 145t -46.3,False
BTC,VPB,sl1.5/tp3.0atr 24h,1627,32.2679778733866,0.5585245260492218,-554.1465910228193,556.7368432843815,0/6,264t -62.3 | 263t -60.8 | 253t -113.1 | 272t -58.0 | 270t -116.0 | 305t -143.9,False
BTC,VPB,sl1.0/tp2.0atr 07-21,1083,36.288088642659275,0.5556976382768448,-362.01185928507635,367.2992397973738,0/6,187t -48.6 | 188t -54.4 | 172t -51.2 | 183t -46.5 | 157t -74.2 | 196t -87.0,False
BTC,VPB,sl1.0/tp2.0atr 24h,2302,33.79669852302346,0.4872497377269452,-936.9034979851344,939.881366755219,0/6,380t -107.0 | 386t -129.5 | 363t -163.3 | 387t -114.9 | 372t -198.7 | 414t -223.5,False
BTC,VPB,sl2.0/tp3.0atr 07-21,717,40.1673640167364,0.6305994215767021,-171.04244709976948,176.7967571462748,0/6,126t -25.3 | 120t -21.1 | 120t -39.7 | 114t -11.1 | 114t -45.3 | 123t -28.4,False
BTC,VPB,sl2.0/tp3.0atr 24h,1405,38.362989323843415,0.5899348019369846,-389.41540806815954,391.7844650917446,0/6,230t -42.8 | 229t -47.0 | 229t -86.1 | 227t -28.5 | 232t -81.1 | 258t -103.9,False
BTC,VBF,2.0sd hold24,947,45.51214361140444,0.459338551581077,-242.25172359709947,242.78956447240063,0/6,140t -24.5 | 169t -33.9 | 158t -48.3 | 156t -41.1 | 153t -54.5 | 171t -40.0,False
BTC,VBF,2.0sd hold48,880,45.34090909090909,0.48459512614707156,-236.4328327258936,236.9706736011949,0/6,129t -26.8 | 154t -40.7 | 151t -41.1 | 142t -28.3 | 140t -55.9 | 164t -43.6,False
BTC,VBF,2.5sd hold24,533,43.151969981238274,0.38685730912121563,-169.19726308867342,169.7351039639752,0/6,78t -17.9 | 98t -26.2 | 78t -37.5 | 85t -27.3 | 91t -32.6 | 103t -27.7,False
BTC,VBF,2.5sd hold48,516,43.02325581395349,0.4137726583468828,-168.79799269239655,169.3358335676984,0/6,76t -17.0 | 94t -28.0 | 76t -37.8 | 82t -24.8 | 87t -32.4 | 101t -28.8,False
